<root>
	<skin>
		<text_color>16777215,10022341,16777215,16777215,16777215,16770992,16770992,16770992,16770992</text_color>
		<specify_each_item_color>0</specify_each_item_color>
		<skin_author>Starry</skin_author>
		<font name="Segoe UI Semibold" size="9" style="0"/>
		<!--
        <display_text>
			<up>上传: </up>
			<down>下载: </down>
			<cpu>CPU: </cpu>
			<memory>内存: </memory>
			<gpu>显卡: </gpu>
			<cpu_temperature>CPU温度: </cpu_temperature>
			<gpu_temperature>显卡温度: </gpu_temperature>
		</display_text>
        -->
	</skin>
    <!--
	<plugin_map>
		<time>ra1YX2g1</time>
		<cosutom_item>b4zc373y</cosutom_item>
	</plugin_map>
    -->
	<layout text_height="15" no_label="1">
		<layout_l width="132.3" height="54">
			<cpu x="18" y="10" width="35" align="0" show="1"/>
			<memory x="18" y="31" width="35" align="0" show="1"/>
		<!--
        	<gpu x="162" y="3" width="106" align="0" show="1"/>
        -->
			<up x="66" y="10" width="62" align="0" show="1"/>
			<down x="66" y="31" width="62" align="0" show="1"/>
        <!--
			<cpu_temperature x="32" y="57" width="94" align="0" show="1"/>
			<gpu_temperature x="32" y="83" width="94" align="0" show="1"/>
			<time x="142" y="57" width="94" align="0" show="1"/>
			<cosutom_item x="142" y="83" width="94" align="0" show="1"/>
        -->
		</layout_l>
		<layout_s width="86" height="43">
        <!--
			<cpu x="14" y="3" width="106" align="0" show="1"/>
			<memory x="88" y="3" width="106" align="0" show="1"/>
			<gpu x="162" y="3" width="106" align="0" show="1"/>
        -->
			<up x="24" y="4" width="60" align="0" show="1"/>
			<down x="24" y="26" width="60" align="0" show="1"/>
		</layout_s>

	</layout>
	<preview width="230" height="200">
		<l x="0" y="0"/>
		<s x="0" y="75"/>
	</preview>
</root>