<root>

	<skin>
		<text_color>3092303,3092303,3092303,3092303,3092303,3092303,3092303,3092303,3092303</text_color>
		<specify_each_item_color>1</specify_each_item_color>
		<skin_author>yxw</skin_author>
		<font name="Comic Sans MS" size="9" style="0"/>
		<display_text>
			<up></up>
			<down></down>
			<cpu></cpu>
			<memory></memory>
			<gpu></gpu>
			<cpu_temperature></cpu_temperature>
			<gpu_temperature></gpu_temperature>
		</display_text>
	</skin>

	<plugin_map>
		<time>ra1YX2g1</time>  <!-- 时间日期插件 --> 
		<weather>NdKZEf39</weather>  <!-- 天气插件 --> 
	</plugin_map>

	<layout text_height="23.92" no_label="0">
		<layout_l width="180.11" height="171.8">
			<down x="38.53" y="6.43" width="47.54" align="0" show="1"/>
			<up x="128.24" y="6.43" width="47.54" align="0" show="1"/>
			<cpu x="38.53" y="41.79" width="47.54" align="0" show="1"/>
			<cpu_temperature x="128.24" y="41.79" width="47.54" align="0" show="1"/>
			<gpu x="38.53" y="77.14" width="47.54" align="0" show="1"/>
			<gpu_temperature x="128.24" y="77.14" width="47.54" align="0" show="1"/>
			<memory x="38.53" y="112.5" width="47.54" align="0" show="1"/>
			<main_board_temperature x="128.24" y="112.5" width="47.54" align="0" show="1"/>
			<time x="38.53" y="147.69" width="47.54" align="0" show="1"/>
			<weather x="128.24" y="147.69" width="47.54" align="0" show="1"/>
		</layout_l>

		<layout_s width="180.11" height="101.09">
			<down x="38.53" y="6.43" width="47.54" align="0" show="1"/>
			<up x="128.24" y="6.43" width="47.54" align="0" show="1"/>
			<cpu x="38.53" y="41.79" width="47.54" align="0" show="1"/>
			<cpu_temperature x="128.24" y="41.79" width="47.54" align="0" show="1"/>
			<gpu x="38.53" y="77.14" width="47.54" align="0" show="1"/>
			<gpu_temperature x="128.24" y="77.14" width="47.54" align="0" show="1"/>
		</layout_s>
	</layout>

	<preview width="185" height="280">
		<l x="0" y="0"/>
		<s x="0" y="178"/>
	</preview>

</root>