<root>
	<skin>
		<text_color>2236962,2236962,2236962,2236962,2236962,2236962,2236962,2236962,2236962,2236962</text_color>
		<specify_each_item_color>1</specify_each_item_color>
		<skin_author>YeYo（EsnPc.CoM）</skin_author>
		<font name="Gugi" size="9" style="0"/>
		<display_text>
			<up>上传: </up>
			<down>下载: </down>
			<cpu>CPU: </cpu>
			<memory>内存: </memory>
			<gpu>显卡: </gpu>
			<cpu_temperature>CPU温度: </cpu_temperature>
			<gpu_temperature>显卡温度: </gpu_temperature>
			<main_board_temperature>主板温度: </main_board_temperature>
			<hdd>硬盘利用率: </hdd>
			<hdd_temperature>硬盘温度: </hdd_temperature>
		</display_text>
	</skin>
	<!-- 不配置插件节点
	<plugin_map>
		<time>ra1YX2g1</time>
		<cosutom_item>b4zc373y</cosutom_item>
	</plugin_map>
	-->
	<layout text_height="35" no_label="0">
	<!--  勾选显示更多信息  -->
		<layout_l width="160" height="257">
			<cpu x="10" y="0" width="140" align="3" show="1"/>  <!--  CPU利用率  -->
			<memory x="10" y="25" width="140" align="3" show="1"/>  <!--  内存占用率  -->
			<gpu x="10" y="50" width="140" align="3" show="1"/>  <!--  显卡利用率  -->
			<hdd x="10" y="75" width="140" align="3" show="1"/>  <!--  硬盘利用率  -->
			<cpu_temperature x="10" y="100" width="140" align="3" show="1"/>  <!--  CPU温度  -->
			<gpu_temperature x="10" y="125" width="140" align="3" show="1"/>  <!--  显卡温度  -->
			<hdd_temperature x="10" y="150" width="140" align="3" show="1"/>  <!--  硬盘温度  -->
			<main_board_temperature x="10" y="175" width="140" align="3" show="1"/>  <!--  主板温度  -->
			<up x="10" y="200" width="140" align="3" show="1"/>  <!--  上传  -->
			<down x="10" y="225" width="140" align="3" show="1"/>  <!--  下载  -->
			<!--<time x="10" y="250" width="140" align="3" show="1"/>
			<cosutom_item x="10" y="275" width="140" align="3" show="1"/>-->
		</layout_l>
		<!--  不显示更多信息  -->
		<layout_s width="160" height="106">
			<cpu x="10" y="0" width="140" align="3" show="1"/>
			<memory x="10" y="25" width="140" align="3" show="1"/>
			<up x="10" y="50" width="140" align="3" show="1"/>
			<down x="10" y="75" width="140" align="3" show="1"/>
		</layout_s>

	</layout>
	<preview width="160" height="380">
		<l x="0" y="120"/>
		<s x="0" y="0"/>
	</preview>
</root>